<?xml version="1.0"?>
<levels>
	<level num="1" name="Easy Mode" theme="1" numZombies="5" spawZTime="60" zombieHit="2" zombieRunSpeed="1" zombieMoney="50" zombieAttackSpeed = "5" zombieAttackPoints = "1" numSuperZombies="0" spawSZTime="0" superZombieHit="0" superZombieRunSpeed="0" superZombieMoney="0" superZombieAttackSpeed = "0" superZombieAttackPoints ="0"></level>
	<level num="1" name="Nigh Mode" theme="2" numZombies="8" spawZTime="50" zombieHit="2" zombieRunSpeed="1" zombieMoney="50" zombieAttackSpeed = "5" zombieAttackPoints = "1" numSuperZombies="0" spawSZTime="0" superZombieHit="0" superZombieRunSpeed="0" superZombieMoney="0" superZombieAttackSpeed = "0" superZombieAttackPoints ="0"></level>
	<level num="2" name="Beginner" theme="1" numZombies="10" spawZTime="40" zombieHit="2" zombieRunSpeed="1" zombieMoney="100" zombieAttackSpeed = "2" zombieAttackPoints = "3" numSuperZombies="0" spawSZTime="0" superZombieHit="0" superZombieRunSpeed="0" superZombieMoney="0" superZombieAttackSpeed = "0" superZombieAttackPoints ="0"></level>
	<level num="3" name="Hardcore" theme="2" numZombies="15" spawZTime="20" zombieHit="6" zombieRunSpeed="2" zombieMoney="200" zombieAttackSpeed = "1" zombieAttackPoints = "5" numSuperZombies="1" spawSZTime="30" superZombieHit="20" superZombieRunSpeed="1" superZombieMoney="500" superZombieAttackSpeed = "2" superZombieAttackPoints ="10"></level>
	<level num="4" name="Madness" theme="2" numZombies="30" spawZTime="10" zombieHit="10" zombieRunSpeed="3" zombieMoney="200" zombieAttackSpeed = "1" zombieAttackPoints = "10" numSuperZombies="1" spawSZTime="30" superZombieHit="20" superZombieRunSpeed="1" superZombieMoney="500" superZombieAttackSpeed = "2" superZombieAttackPoints ="10"></level>
</levels>